	Input.Article	Article.wd	Input.Fact	fact.wd	goodTrivia	knew	surprising	transe, ap/ap	transe, c/c	transe, ap/c	random-2	random-1	frequency	profile-transe, ap/ap	profile-transe, c/c	profile-transe, ap/c	complex, ap/ap	complex, c/c	complex, ap/c	profile-complex, ap/ap	profile-complex, c/c	profile-complex, ap/c	text1024, ap/ap	text1024, c/c	text1024, ap/c	H, ap/ap	H, c/c	H, ap/c	A, ap/ap	A, c/c	A, ap/c	S, ap/ap	S, c/c	S, ap/c	LP-transe-avg-lhs-cos	LP-transe-avg-rhs-cos	LP-transe-max-lhs-cos	LP-transe-max-rhs-cos	LP-transe-centroid-rhs-cos	LP-complex-avg-lhs-cos	LP-complex-avg-rhs-cos	LP-complex-max-lhs-cos	LP-complex-max-rhs-cos	LP-complex-centroid-rhs-cos	LP-profile-transe-avg-lhs-cos	LP-profile-transe-avg-rhs-cos	LP-profile-transe-max-lhs-cos	LP-profile-transe-max-rhs-cos	LP-profile-transe-centroid-rhs-cos	LP-profile-complex-avg-lhs-cos	LP-profile-complex-avg-rhs-cos	LP-profile-complex-max-lhs-cos	LP-profile-complex-max-rhs-cos	LP-profile-complex-centroid-rhs-cos
0	A. P. J. Abdul Kalam	Q9513	A. P. J. Abdul Kalam is in the group of Indian aerospace engineers	P27=Q668,P106=Q10497074	0.0	-2.0	0.4	inf	inf	inf	0.46758147814320716	0.7788081462836042	inf	inf	inf	inf	inf	inf	inf	inf	inf	inf	inf	inf	inf	inf	inf	inf	inf	inf	inf	inf	inf	inf	0.9574320409446955	0.9013984277844429	0.9598642848432064	0.9151035025715828	0.8818810656666756	1.0321548022329807	1.0297940112650394	1.1040196269750595	1.1001547649502754	1.0257507227361202	0.9556676261126995	0.8711497634649277	0.9556676261126995	0.8711497634649277	0.8711497634649277	0.9149931445717812	0.8438796103000641	0.9149931445717812	0.8438796103000641	0.8438796103000641
1	A. P. J. Abdul Kalam	Q9513	A. P. J. Abdul Kalam is in the group of Recipients of the Padma Vibhushan	P166=Q932650	-0.6	-2.0	-0.6	1.0706125837748848	1.1413425315603234	1.9034792226937738	0.9352235147630161	0.2545838607340868	0.0011737089201877935	0.8246157980097197	0.6065467479084852	1.5054138749153958	1.0152279610828046	1.0239975308911249	1.858206193096036	0.7748422776878178	0.5190858342826224	1.445958900331331	1.2706954595571402	1.5953851507863914	2.341863362694918	1.0368908619388741	1.1056687465206565	1.7631050007633562	0.9478174722913459	0.8328944372779093	1.3694035291474762	0.9701928218560402	0.9026351804959696	1.3665629913582196	0.8718628883361816	0.8254677355289459	0.8718628883361816	0.8254677355289459	0.8254677355289459	0.9139629676938057	0.9334702119231224	0.9139629676938057	0.9334702119231224	0.9334702119231224										
2	Abraham Lincoln	Q91	Abraham Lincoln is in the group of Presidents of the United States	P39=Q11696	-1.8	1.2	-1.8	0.9539389021232609	0.9567544296657672	1.775692728550195	0.721484146311523	0.09730320414256355	0.024390243902439025	0.8928249849692963	0.8107914760138846	1.706421638740214	1.0191086931154034	1.0969233196721155	1.8956110247147588	1.0670193399547963	1.2075139605191973	2.0573913265891792	2.5234036326395533	4.313221094385282	4.966469939614536	0.9813793006017135	1.0265077897430297	1.8256767800479323	0.9273414690405513	0.846021751695815	1.406448600474623	0.8447266796612058	0.6545818142446803	1.4086828412847325	0.8977898806333542	0.8780569434165955	0.8977898806333542	0.8780569434165955	0.8780569434165955	0.9710039477795362	0.9823833703994751	0.9710039477795362	0.9823833703994751	0.9823833703994751										
3	Akshay Kumar	Q233748	Akshay Kumar is in the group of Canadian game show hosts	P27=Q16,P106=Q22662561	-0.6	-2.0	-0.4	1.4905276148730067	5.114568037723107	5.624149425661762	0.3067403073773126	0.9289426134341581	0.5	1.3993496381665291	4.7193148909059595	5.43551507326644	1.3979278369618318	4.8156283242898805	5.325547684425657	1.4935792189908095	5.069091385299113	5.798692713995589	2.1084227629466166	7.557851127692507	8.276018860495773	1.296029849142876	4.423289819192894	4.827798844088931	1.0401494103547302	3.0430551960414634	3.247458430998656	1.1349091023333409	3.7859878330947496	4.1130408893801995	0.97266381746158	1.0210636141709983	1.0121289296075702	1.0392773263156414	1.0256646946072578	1.0418735705316067	1.0586049910634756	1.1202737241983414	1.1499788910150528	1.0648449808359146	0.9727267641574144	0.915246456861496	0.9727267641574144	0.915246456861496	0.915246456861496	0.9310461655259132	0.8504403084516525	0.9310461655259132	0.8504403084516525	0.8504403084516525
4	Akshay Kumar	Q233748	Akshay Kumar is in the group of Indian stunt performers	P27=Q668,P106=Q465501	-0.6	-2.0	-0.6	2.644954192821729	7.177931308147837	7.620951798428412	0.32459616221716747	0.6821573120220238	0.3333333333333333	3.1547039691901713	8.574125059392472	9.333860543221448	1.4943479095164944	3.593121916807589	4.301469175580616	1.0775940111812694	2.2524323648010562	3.000309951521861	1.0270720715675343	2.099797528939851	2.982482844377503	1.0284593432182743	3.2792926159497897	3.811181685121055	0.9039415389126615	2.8879090080524445	3.1740100213404885	0.8866951264429674	1.260553794903487	1.71491480022376	0.9790473044849932	0.9630767917260528	1.0055432105436921	0.9819893296808004	0.9573485255241394	0.9980618441477418	1.0118771847337484	1.027249988168478	1.0667898133397102	1.0132737178355455	0.9645810388028622	0.8825927302241325	0.9645810388028622	0.8825927302241325	0.8825927302241325	0.9521188251674175	0.9010421186685562	0.9521188251674175	0.9010421186685562	0.9010421186685562
5	Alan Rickman	Q106481	Alan Rickman is in the group of 20th-century English male actors	P27=Q145,P21=Q6581097,P106=Q33999	-1.4	2.0	-1.6	1.263420842779471	1.577556204073319	2.285731741988746	0.10253914900249317	0.4813006246818201	0.00016663889351774705	1.0447597857618827	1.0896306746465954	1.991290262648933	1.2270376067898814	1.4696940899341382	2.2425074945801673	1.2067779667882257	1.412818717716052	2.2810448131914507	1.4178557247387096	1.887358105713119	2.7465648316301867	0.8358982477065038	0.5767289721393893	1.3765539251611352	1.0154205578827065	1.0273696770611938	1.4315829154043445	0.9279260876687208	0.7500405479090679	1.3169200313217426	0.9582837472359339	0.993872789045175	0.9726089686155319	1.0192621275782585	0.9846803639084101	0.9595442327360312	0.9745213513573011	0.9774417206645012	0.9837478995323181	0.962849136441946	0.9447712463637193	0.8766012961665789	0.9481594786047935	0.931500993669033	0.8292788416147232	0.919496106604735	0.9190196295579275	0.9288120567798615	0.9486585780978203	0.9023393169045448
6	Alan Rickman	Q106481	Alan Rickman is in the group of Alumni of Chelsea College of Art & Design	P69=Q860450	1.0	-2.0	0.6	1.0515030573820934	1.1296086498131583	1.8298677585349026	0.9095742698193526	0.3715408552451007	0.005813953488372093	0.9772635764521208	0.9557065823561335	1.7378973428842608	1.1835537060610035	1.4147633383072167	2.131054796587578	1.0205109691537833	1.0420978671560366	1.8381980279803645	1.3343041905907806	1.752230046003304	2.4734393332361955	1.0570575548462307	1.1734028420193579	1.7358875279894534	1.0214906572960332	1.0881527404416924	1.4627213489697581	0.9040493061549542	0.6640021926453283	1.2737835704082103	0.8790969923138618	0.9391437880694866	0.8790969923138618	0.9391437880694866	0.9391437880694866	0.9514826349914074	0.9737863540649414	0.9514826349914074	0.9737863540649414	0.9737863540649414										
7	Alan Rickman	Q106481	Alan Rickman is in the group of English male voice actors	P27=Q145,P21=Q6581097,P106=Q2405480	-1.2	1.2	-1.2	1.0686138507999996	1.1681943046977923	1.9161143819773583	0.22866134965256768	0.5743795647149511	0.005405405405405406	0.8124095778278667	0.6100084265920992	1.5439016802937515	0.9761916568338688	0.9358256260060578	1.777709650464141	0.9558520208797785	0.9096515177116823	1.7980584624308997	1.053588264602414	1.1191114833191207	2.0233543656584847	0.769995359275339	0.46336925904402043	1.3320420725795488	1.0109475176816363	1.0398409322662734	1.4574654473474762	0.8976504999363132	0.702472080818694	1.334922518014281	0.9540333760281404	0.9869141156474749	0.9612852707505226	1.0192621275782585	0.9739935602992773	0.9439706069727739	0.9593806453049183	0.96336305513978	0.9837478995323181	0.93599783629179	0.9425739285846552	0.8511849368611971	0.9481594786047935	0.931500993669033	0.7911474257707596	0.9250000491738319	0.9202764170865217	0.9453238844871521	0.9524289406836033	0.9121869876980782
8	Albert Einstein	Q937	Albert Einstein is in the group of 20th-century physicists	P106=Q169470	-1.4	2.0	-2.0	1.1272343684192891	1.2924950075805373	1.9089804303749949	0.37601526450946776	0.4348098981803006	4.309230371455658e-05	1.22998356828193	1.5332900527708337	2.157377749256622	1.3479201554102884	1.7424807042393728	2.4156108211740075	1.254039008239632	1.5731571950195127	2.2504429407634836	1.267858600715125	1.5709593632217798	2.423824546081073	0.9928744107223239	0.9803366046609876	1.5580636338925602	1.0239188646085657	1.0706924088707994	1.4589286486203505	0.9516845239256655	0.8338293475120201	1.3235385532786703	0.9500294774770737	0.8824426680803299	0.9500294774770737	0.8824426680803299	0.8824426680803299	0.9612065367400646	0.9669899716973305	0.9612065367400646	0.9669899716973305	0.9669899716973305	0.9622582420706749	0.8987530469894409	0.9622582420706749	0.8987530469894409	0.8987530469894409	0.943408664315939	0.9530794769525528	0.943408664315939	0.9530794769525528	0.9530794769525528
9	Albert Einstein	Q937	Albert Einstein is in the group of American Zionists	P27=P30,P106=Q12718299	0.25	-0.4	0.4	inf	inf	inf	0.13139608727479746	0.6852263861090184	inf	inf	inf	inf	inf	inf	inf	inf	inf	inf	inf	inf	inf	inf	inf	inf	inf	inf	inf	inf	inf	inf	1.0872976758982986	1.0491851263359422	1.180913284420967	1.098051369190216	1.0526885241270065	1.1030402723699808	1.073503028601408	1.157281517982483	1.1046867221593857	1.0845429673790932										
10	Alec Baldwin	Q170572	Alec Baldwin is in the group of 20th-century American male actors	P27=Q30,P21=Q6581097,P106=Q33999	-1.8	2.0	-1.8	1.2422344886986616	1.5831397826495075	2.2255615859227498	0.017156940019316225	0.4905307332367208	5.242463958060288e-05	1.277054985651325	1.6022060949004373	2.4426839909367137	1.2516390584650798	1.547376707762722	2.256587036183789	1.174994231874656	1.365718782455014	2.2369441524820113	0.8802396219258914	0.7572819497939998	1.6767031205454737	0.8008933332251138	0.4842906997389261	1.3129287931120515	0.9972858043065204	0.9910583407219818	1.4073499345750005	0.9480022252299944	0.8111551424208516	1.3088143362387408	0.9556271495918433	0.9489596299827099	0.9719299338757992	0.9710582531988621	0.9313375949859619	0.9625301156193018	0.9772598901763558	0.9689797516912222	0.9896477917209268	0.966011755168438	0.9424971826374531	0.872332900762558	0.9624603129923344	0.9222731292247772	0.8313849419355392	0.9243677854537964	0.9176919957002004	0.9351891949772835	0.9613887742161751	0.9112315326929092
11	Alec Baldwin	Q170572	Alec Baldwin is in the group of Outstanding Performance by a Lead Actor in a Comedy Series Primetime Emmy Award winners	P166=Q989442	-0.8	0.4	-1.0	0.9101362275140894	1.154167424799061	1.9846155067338465	0.6670208166821177	0.22230628314247436	0.16666666666666666	0.9786165467214163	1.3686470744350512	2.2263077901415067	1.0251702767986752	1.4941391910308393	2.279428531666494	0.8455968933622288	1.0260420838976734	1.920764113017199	0.7472517842549545	0.7810355545262849	1.7259866114746827	0.8070164297978454	0.9282439548638706	1.8318790892385752	1.0454691618605547	1.7079701995184444	1.9648916966981886	0.9064963372995967	1.2126891373353146	1.6291134673542458	0.9028119519352913	0.8766207545995712	0.9028119519352913	0.8766207545995712	0.8766207545995712	0.9363101348280907	0.9622583203017712	0.9363101348280907	0.9622583203017712	0.9622583203017712										
12	Alexander Hamilton	Q178903	Alexander Hamilton is in the group of Inspectors General of the United States Army	P39=Q104238320	-0.2	-0.4	-0.2	inf	inf	inf	0.7878153887629006	0.20372248358493983	1.0	inf	inf	inf	inf	inf	inf	inf	inf	inf	inf	inf	inf	inf	inf	inf	inf	inf	inf	inf	inf	inf	0.9406292103230953	1.0349656529724598	0.9406292103230953	1.0349656529724598	1.0349656529724598	1.0289075523614883	1.0111760217696428	1.0289075523614883	1.0111760217696428	1.0111760217696428										
13	Alicia Vikander	Q439314	Alicia Amanda Vikander (born 3 October 1988) is a Swedish actress, producer and dancer.	P27=Q34,P21=Q6581072,P106=Q33999,P106=Q3282637,P106=Q5716684	-0.8	-1.2	-0.8	inf	inf	inf	0.36169050604974584	0.07338440964309956	inf	inf	inf	inf	inf	inf	inf	inf	inf	inf	inf	inf	inf	inf	inf	inf	inf	inf	inf	inf	inf	inf	0.9250813961029053	0.9515138432383538	0.9633165337145329	0.9631113931536674	0.9401997998356819	0.9528961658477784	0.965551108494401	0.9728992395102978	0.9718548972159624	0.9550058469176292	0.9453102082014084	0.8747659265995026	0.9677382186055183	0.9147585481405258	0.8508715033531189	0.9121845826506615	0.914174298197031	0.930804967880249	0.9442650750279427	0.8860099539160728
14	Alicia Vikander	Q439314	Alicia Vikander is in the group of Best Actress Empire Award winners	P166=Q3724813	0.0	-2.0	-0.8	1.303728683932902	2.219286435339824	2.920506432948562	0.6829251979873558	0.7907586004208668	0.16666666666666666	1.0636296707262163	1.6189326495692942	2.3408714711894043	1.1965471654980935	1.9305293552113534	2.669870782450357	1.097877993148637	1.6870006873473944	2.4613063962163415	0.8729415629458772	1.1017295428123344	2.0184074720878598	1.3306365925317494	2.2686174068217944	3.018831625796057	1.0152759463244312	1.5116239468213668	1.7704676072864238	1.042881774822076	1.660220627561033	2.023336746943634	0.908690445125103	0.9133392944931984	0.908690445125103	0.9133392944931984	0.9133392944931984	0.9050929248332977	0.9665654189884663	0.9050929248332977	0.9665654189884663	0.9665654189884663										
15	Alicia Vikander	Q439314	Alicia Vikander is in the group of Outstanding Performance by a Female Actor in a Supporting Role Screen Actors Guild Award winners	P166=Q1320315	-1.2	-1.2	-1.2	1.256492969758903	1.928879133877867	2.652132674424278	0.5177935081039069	0.06808321445393384	0.125	1.120707434942999	1.593256265161053	2.3415010884993803	1.1211477664577447	1.626245371504065	2.355645225873379	1.1998154550423719	1.7991126713797974	2.5367227882675603	0.7421156814885718	0.6748016559659729	1.5762955929711795	1.2770052969297838	1.9878216786826837	2.739793065064884	1.0529831878476574	1.6352671375945091	1.813268578651115	1.0325631931510637	1.4532221426850311	1.9260905958968482	0.9531595483422279	0.9475271441042423	0.9531595483422279	0.9475271441042423	0.9475271441042423	0.9302632287144661	0.9615260772407055	0.9302632287144661	0.9615260772407055	0.9615260772407055										
16	Alicia Vikander	Q439314	Alicia Vikander is in the group of Royal Swedish Ballet dancers	P69=Q2742632	0.2	-2.0	0.2	2.3962802690723386	8.74720304054176	9.381794251385589	0.7623100186833655	0.7993617541930564	0.5	1.5362889924704195	5.230789143772165	6.021256106535704	2.412704340318237	8.832473021037034	9.430293171723815	1.4972201164277334	5.062498498698256	5.890000314118518	1.7231597265621243	5.992995694123697	6.756407733537808	1.1974712478070126	3.979812521394976	4.512306311967275	1.4007867968492	4.930014643319892	5.117993770896793	0.9953379619930871	3.2500967203024707	3.495351218830977	0.8715569227933884	0.9343724995851517	0.8715569227933884	0.9343724995851517	0.9343724995851517	0.9188157394528389	0.9491188041865826	0.9188157394528389	0.9491188041865826	0.9491188041865826										
17	Aly Raisman	Q238663	Aly Raisman is in the group of American female artistic gymnasts	P27=Q30,P21=Q6581072,P106=Q13381572	-1.6	-0.4	-1.6	1.049536210076892	1.1233035322489215	1.927891892223549	0.6059507486696949	0.48919502741272125	0.004405286343612335	0.9290240761657851	0.8497794393565015	1.7892185349494893	1.1397510503452482	1.3086624533734132	2.153063634020475	1.0035932914598549	1.0215274502206926	1.9376858628354212	2.2756857363191663	3.611472072793695	4.445445629026072	0.9940105657944328	0.9922280408180567	1.6816019782987714	0.9442617613402169	0.8089047558389848	1.3620546919558805	0.9623364317206915	0.8731966110017846	1.3603007711396464	0.9339284213880698	0.932050837824742	0.9466611184179783	0.9393722824752331	0.914362333714962	0.950879110644261	0.9514734782278538	0.9647700823843479	0.9668111950159073	0.9466719999909401	0.9508501645177603	0.8313157521188259	0.9549644291400909	0.8919064626097679	0.7872131913900375	0.9102338701486588	0.8963674008846283	0.9184654578566551	0.9134514927864075	0.8701223582029343
18	Aly Raisman	Q238663	Aly Raisman is in the group of Jewish gymnasts	P140=Q9268,P106=Q16947675	-1.2	0.4	-1.2	inf	inf	inf	0.7954208849555019	0.8211388843536824	inf	inf	inf	inf	inf	inf	inf	inf	inf	inf	inf	inf	inf	inf	inf	inf	inf	inf	inf	inf	inf	inf	0.9438749235123396	0.9376673605293036	0.9493375606834888	0.9458161182701588	0.9268635660409927	1.0550965732109034	1.1287385877221823	1.1097890213131905	1.2481492012739182	1.1343164443969727										
19	Amber Heard	Q229166	Amber Heard is in the group of 21st-century American actresses	P27=Q30,P21=Q6581072,P106=Q33999	-1.4	2.0	-1.4	0.9328057965444213	0.851058404378049	1.6697636064076187	0.3860203786567572	0.6015605276635001	6.668444918644971e-05	1.1691663209006777	1.3778444683935027	2.2426129421401355	1.1056992025433994	1.225468774142114	2.0196702986605803	0.8521222200486327	0.7001916327958139	1.6398689391900092	0.880147029517294	0.7448547173336925	1.675916395540367	0.8379542576437291	0.590280236154982	1.384543480679467	0.9682462620741319	0.9127006827621097	1.3664333611843955	0.9116145998809515	0.6919406964013599	1.2776663016612255	0.9552228314181169	0.9244195905824503	0.9670960158109665	0.9394825808703899	0.9091579765081406	0.9445407601694266	0.9585516874988874	0.9633915647864342	0.9654655642807484	0.9497370272874832	0.9448789196709791	0.8449077208836874	0.9614964053034782	0.8981455564498901	0.807134360074997	0.902878575026989	0.8974875112374624	0.9293274208903313	0.9296288415789604	0.8782472610473633
20	Amber Heard	Q229166	Amber Heard is in the group of American television actresses	P27=Q30,P21=Q6581072,P106=Q10798782	-1.5	2.0	-1.0	0.922669437636179	0.8268545182484281	1.6570916841267695	0.11699603260628888	0.8705528971570127	0.00012973533990659055	1.1651203260161493	1.3638409628148527	2.23357524895686	1.0737170257424018	1.1540996336830311	1.9562032678637384	0.8532050731467992	0.6946703629323476	1.6353756761028593	0.9951565175826786	0.9941684714385711	1.932053640249181	0.8162900804756508	0.5563141797166934	1.3917094125369815	0.9735753432287465	0.9371803317616137	1.3806310852512205	0.9076825114873066	0.6889302388231427	1.290200717860652	0.9495998211205006	0.9061821773648262	0.9550529383122921	0.9204003363847733	0.8805153146386147	0.945286343495051	0.9591553521653017	0.9656283147633076	0.9672765582799911	0.9543624669313431	0.9476559000710646	0.8337539285421371	0.9614964053034782	0.8646841794252396	0.7920889407396317	0.9019110600153605	0.898860864341259	0.9264248758554459	0.9337489008903503	0.8921163082122803
21	Ariana Grande	Q151892	Ariana Grande is in the group of American female pop singers	P27=Q30,P21=Q6581072,P106=Q177220,P136=Q37073	-1.2	1.2	-1.2	1.1366838352009692	1.3180238066056589	2.0400362521344295	0.03982723759925655	0.18479970361639841	0.0012690355329949238	2.0005703843898073	3.113390361577966	3.8443560857200483	1.2441774594853272	1.5122884271917565	2.2822265144006137	1.3616723066802392	1.7724408923875439	2.614225535031671	0.992698154139515	0.9955422519816698	1.8807817264721434	0.9476552663255039	0.8619597194008278	1.5943339967149983	0.9733245811508646	0.9219166000537192	1.3892487642955844	0.8830952963956631	0.6374625448540127	1.299914874870723	0.969400420319289	0.9043497918173671	0.9845341127365828	0.9502019844949245	0.8636578321456909	0.9419768489897251	0.9667057381011546	0.966578796505928	0.9729518312960863	0.9526472203433514	0.948418369051069	0.8884825278073549	0.9774522352963686	0.9731429517269135	0.8536693453788757	0.9021078236401081	0.9386719334870577	0.9308135583996773	0.9609848782420158	0.9302658662199974
22	Arnold Schwarzenegger	Q2685	Arnold Schwarzenegger is in the group of American athlete-politicians	P27=Q30,P106=Q15982795|P106=Q23845879,P106=Q82955 	-1.0	2.0	-1.4	inf	inf	inf	0.6845776550826917	0.6983905757136118	1.0	inf	inf	inf	inf	inf	inf	inf	inf	inf	inf	inf	inf	inf	inf	inf	inf	inf	inf	inf	inf	inf	0.9462826517410576	0.9525220915675163	0.9805316347628832	0.9832270368933678	0.9449488706886768	0.9792206934653223	0.9845217182300985	1.0177518017590046	1.0157414507120848	0.9850187180563807	0.9667051080614328	0.8864830434322357	0.9768514409661293	0.89787457883358	0.865507572889328	0.9362710565328598	0.9313820507377386	0.9482094645500183	0.9575114287436008	0.9284976869821548
23	Arnold Schwarzenegger	Q2685	Arnold Schwarzenegger is in the group of Austrian real estate businesspeople	P27=Q40,P106=Q519076,P106=Q43845	0.0	-1.2	0.6	inf	inf	inf	0.3134543552332335	0.39766170834347014	inf	inf	inf	inf	inf	inf	inf	inf	inf	inf	inf	inf	inf	inf	inf	inf	inf	inf	inf	inf	inf	inf	0.9537295531481504	0.955247426405549	0.9772531520575285	0.9726912099868059	0.946990467607975	0.9652595290293297	0.97043762045602	0.973156301304698	0.9805477615445852	0.9539783373475075	0.9740850459784269	0.9082241058349609	0.975541977211833	0.923786073923111	0.8857612013816833	0.915744986385107	0.9361146297305822	0.9351643919944763	0.9464942552149296	0.9158791154623032
24	Ben Affleck	Q483118	Ben Affleck is in the group of American poker players	P27=Q30,P106=Q15295720	0.8	0.4	0.4	1.5380909277353236	2.2076024017743063	2.800753329597792	0.92397184601504	0.7497098124774237	0.001838235294117647	1.6372960965972472	2.335061635326213	3.1103575978395255	1.5888332673957664	2.2481868606495685	2.9529737990931966	1.3625979460952966	1.7578166617050532	2.5930688355017146	3.1837270188636086	5.519408831155647	6.184151577000234	1.1148177689997179	1.2909849993917388	1.8540852068443738	1.018192325970417	1.060126290784969	1.4719555651489675	0.9532135243788427	0.8127095425430915	1.2708362228245964	0.9215115085244179	0.9441062230616808	0.9281492531299591	0.9522432871162891	0.9400665052235126	0.9568032007664442	0.9677926488220692	0.9599954187870026	0.9679358601570129	0.9625041335821152	0.9475161656737328	0.8177973628044128	0.9475161656737328	0.8177973628044128	0.8177973628044128	0.9175183176994324	0.8896691203117371	0.9175183176994324	0.8896691203117371	0.8896691203117371
25	Ben Affleck	Q483118	Ben Affleck is in the group of Directors Guild of America Award winners	P166=Q1111310	-0.8	-1.2	-0.4	1.0804616404244716	1.2222758129477995	1.9212638631149115	0.33438507524356254	0.04357660019148235	0.006024096385542169	1.0667880898047941	1.1453032378724013	1.9487157942339244	1.0972149291112956	1.2166075871769655	1.9714609300276786	0.9125925355091006	0.8062681942812934	1.6880937950496966	1.2538269460716711	1.5318098443957953	2.3958406978237554	0.7746802489872883	0.487863055783402	1.3567406642582938	1.0580563996228889	1.2019342544069604	1.537651536990091	0.9383181107301577	0.840626150724755	1.3752470279431086	0.9051777720451355	0.8931574076414108	0.9051777720451355	0.8931574076414108	0.8931574076414108	0.9720214176923037	0.9611003138124943	0.9720214176923037	0.9611003138124943	0.9611003138124943										
26	Bernie Sanders	Q359442	Bernie Sanders is in the group of American filmmakers	P27=Q30,P106=Q1414443|P106=Q2526255	0.6	-2.0	0.6	1.451666970776943	2.0326901068990084	2.5696710524693573	0.6447358850580294	0.6824508546344845	0.00012156576707999027	1.381672879850415	1.8211816258006237	2.6077756266759198	1.2867584609192344	1.6377101958803493	2.2994670982188117	1.1019147256733846	1.2094448019974817	2.082869153035445	1.938539406985728	2.9669700391338045	3.6846404730196918	1.2081347507405948	1.5294148172865003	2.002003008938101	1.0293895034361458	1.0778248919416116	1.4582071954988345	0.9869069594588596	0.9504692705310935	1.3787904528657142	0.9758726436411962	0.9909898854481677	1.0212280582636595	1.0354699455201626	0.991478068754077	1.0706937337915103	1.103028913338979	1.1470228433609009	1.1843500584363937	1.1517364978790283	0.952504176646471	0.8687964268028736	0.9591066315770149	0.9578927084803581	0.8512177169322968	0.9657753137871623	0.9584901239722967	1.0126240011304617	1.035492803901434	0.9893747791647911
27	Beyonce	Q36153	Beyonce is in the group of American rhythm and blues singer-songwriters	P27=Q30,P136=Q45981,P106=Q488205	-1.0	1.2	-1.8	1.0272620022933923	1.0843219185907687	1.8537845313684704	0.33897793209256866	0.9951698287713827	0.005376344086021506	1.8357765849638714	2.800850637943892	3.4784329567772896	1.1249287552470992	1.2731212183052012	2.03737873967091	1.3731986895355721	1.7970565060925714	2.6049637085400073	1.3534411030232631	1.7516704906882639	2.570655852788027	0.8500693699415791	0.6521844031418293	1.4762746614099769	0.9997075654964251	1.040063223561012	1.4403669316441892	1.3563154062707796	2.0349688197052838	2.1151439596533996	0.9365890311698118	0.9251657004157702	0.949408758431673	0.9619776085019112	0.9058375060558319	0.8901565298438072	0.8960900182525317	0.9222033470869064	0.9316982254385948	0.8657731860876083	0.965855285525322	0.8381078764796257	0.9817096143960953	0.8841855376958847	0.815837025642395	0.9410131871700287	0.9352054037153721	0.9573458582162857	0.9575187638401985	0.936384879052639
28	Beyonce	Q36153	Beyonce is in the group of Columbia Records artists	P264=Q183387	-1.6	1.2	-1.6	0.9992665333214631	0.9961545772556908	1.7323584159792833	0.25985225649661636	0.294289364319967	0.0008149959250203749	1.2869752812805002	1.660276686489803	2.3385152333548667	1.0845168211391518	1.1668478203499852	1.9269621582560617	1.0747797747742696	1.1694649382994267	1.96563569613025	1.065169617827684	1.1510369800339568	1.9796775774292905	0.8486677346136221	0.6181561637974745	1.406456380913441	1.034213040939583	1.121479332816855	1.4712705070199694	1.2111332747242183	1.6892361048215918	1.744614650353255	0.9015911445021629	0.9520701691508293	0.9015911445021629	0.9520701691508293	0.9520701691508293	0.8876895681023598	0.882854200899601	0.8876895681023598	0.882854200899601	0.882854200899601										
29	Beyonce	Q36153	Beyonce is in the group of Shoe designers	P106=Q67175841	-0.4	-1.2	-1.0	1.6704230632811015	2.7076599396516783	3.1093238882022565	0.4903486244262487	0.11084510090688304	0.038461538461538464	1.234425669405041	1.6602225240396777	2.2445542310663127	1.4745301912139428	2.199360872214126	2.7719853416351756	1.1493314453598542	1.4298357629577434	2.1466059984723342	1.777616604004684	2.7871606772239454	3.516149925136204	1.2563359865751198	1.8086252054243328	2.129708848536358	1.0108682970197982	1.1787368899524657	1.5394065645400088	1.1865788816830334	1.7706081198882186	1.7199494218685518	0.9662741310894489	0.997930463636294	0.9662741310894489	0.997930463636294	0.997930463636294	1.1212403029203415	1.1281702518463135	1.1212403029203415	1.1281702518463135	1.1281702518463135										
30	Bill Gates	Q5284	Bill Gates is in the group of Bill & Melinda Gates Foundation people	P108=Q655286	-1.6	2.0	-1.8	1.5813426445382257	2.404410507868546	2.9560448877538024	0.27972301024464175	0.7210850199710627	0.04	1.3241016487712616	1.7922847087152283	2.4454470240635646	1.760086670776451	2.764022655673303	3.353138390334041	1.3701036639278954	1.9138400929902653	2.5910591950047692	1.3581354620725596	1.8974117639521615	2.6335450155286653	0.9868206164156581	1.1627844079485317	1.7474755085328981	1.0318893446663882	1.6182194653403408	1.9624101632290647	0.9738176046340358	1.0293753275626865	1.4665490752853887	0.8482992351055145	0.9641491062939167	0.8482992351055145	0.9641491062939167	0.9641491062939167	0.9719670414924622	0.9698188733309507	0.9719670414924622	0.9698188733309507	0.9698188733309507										
31	Boris Johnson	Q180589	Boris Johnson is in the group of British Secretaries of State for Foreign and Commonwealth Affairs	P39=Q1371091	-1.0	-0.4	-0.6	1.2667853102034081	1.6460675516277412	2.324196462012891	0.19910223171175123	0.4864304537880173	0.016129032258064516	1.4144993612870165	1.9735711748971736	2.6309818023499805	1.2917584439037255	1.7034240998642933	2.385602612514922	1.4988104518890915	2.153646067309745	2.811669468374099	0.9314683701647924	0.8893138436797248	1.8328924713670844	1.1153871717937338	1.3020106614778852	2.045807454635739	1.060946597249557	1.2343813833631805	1.5955153681678118	1.4645139144653987	2.329250673784749	2.3395646325954895	0.9344115927815437	0.9103803560137749	0.9344115927815437	0.9103803560137749	0.9103803560137749	0.9538097269833088	0.9586676135659218	0.9538097269833088	0.9586676135659218	0.9586676135659218										
32	Boris Johnson	Q180589	Johnson has dual citizenship in both the United Kingdom and the United States, since he was born in New York City to English parents.	P27=Q145,P27=Q30,P19=Q60	1.2	-2.0	1.0	1.2372199819560958	1.6287836527958641	2.246720213563752	0.07596938736982495	0.16040373661131502	0.025	1.2112507272097965	1.5038536042414274	2.3286459075131836	1.2844795473952904	1.702331277174969	2.3714434930611348	1.2708245873299417	1.6386549256451655	2.458364874116038	1.1305430383170798	1.3586285287807585	2.0935380644306236	0.9674169958621348	0.9817633453156325	1.5921605923752054	0.992821232054686	1.0759396880220693	1.4454180989017964	1.330018582098308	2.029114476343824	2.0874013519702754	0.9556154614935318	0.9594107922166586	0.9822149034589529	0.9788982588797808	0.9559410847723484	0.9641568350295225	0.9775971298416456	0.9669702276587486	0.9827265311032534	0.972983255982399	0.9567658516267935	0.8938087709248066	0.9741464965045452	0.9412462152540684	0.8824185580015182	0.8782681611677011	0.902956080933412	0.9458912573754787	0.9351938217878342	0.8869797512888908
33	Bradley Cooper	Q205707	Bradley Cooper is in the group of 20th-century American male actors	P27=Q30,P21=Q6581097,P106=Q33999	-1.4	2.0	-1.8	1.067445464035474	1.1415966070062307	1.8903187031473692	0.6239022551902774	0.020196921548269908	5.242463958060288e-05	1.1425444252548334	1.2819354055907626	2.158302378070925	1.1735747976605333	1.3467004895102546	2.105502897707828	1.0170948737581034	1.0364035092356887	1.940436274525645	1.0861164163821215	1.1761133467793397	2.0478762959546764	0.8527930695796203	0.6213295917352981	1.4014217573423156	1.013170606495251	1.044050264169784	1.4252908701432383	0.8999608978977607	0.6397600222115118	1.2432590564081987	0.9647637493908405	0.9369130445023378	0.9726362079381943	0.9707844145596027	0.9105726853013039	0.9402809515595436	0.9596961215138435	0.9643321856856346	0.9623495563864708	0.950615007430315	0.9469965460399786	0.8586547126372656	0.9503289461135864	0.9152156338095665	0.8125378340482712	0.9214637850721678	0.9104947422941526	0.9344881474971771	0.9446981772780418	0.8969651907682419
34	Bradley Cooper	Q205707	Bradley Cooper is in the group of Male actors of Italian descent	P21=Q6581097,P106=Q33999,P172=Q50001	-1.0	-2.0	-0.6	1.0242479803416213	1.2742424749049066	1.9301692343344976	0.3845380516918053	0.5131444058909214	0.07692307692307693	1.1938734032891323	1.653817907005663	2.3705302548606806	1.155010877229921	1.513453605062281	2.2443505850054684	1.033240421357673	1.2451247422721397	2.0220949417541143	0.9051306478672062	0.9589816930795166	1.8398895343278032	1.016448417458329	1.2819568029904382	1.8622629145852492	1.0403017583421517	1.3755523934951774	1.659224888581065	0.8760746571381641	0.7230810748690248	1.2721833718695976	0.9552501502136389	0.9586259456118569	0.9726362079381943	0.9985067901434377	0.9477109126746655	0.9622280327603221	0.982090396185716	1.0136209512129426	1.0295323804020882	0.9966874674428254	0.9498443193733692	0.904595285654068	0.9503289461135864	0.9152156338095665	0.886766716837883	0.9260753244161606	0.9251025579869747	0.9344881474971771	0.9446981772780418	0.9273244738578796
35	Britney Spears	Q11975	Britney Spears is in the group of American child singers	P27=Q30,P106=Q15966504	-1.8	1.2	-1.8	0.9497969598076046	1.641887824656581	2.345009104855733	0.9790462243668248	0.11759339958861281	0.25	0.8897470276292293	1.4094625101215423	2.228891448389425	0.8139861291688675	1.1265287306172136	1.9832593268762946	0.8160967704369066	1.167933460253633	2.057324031528426	0.6444037651190905	0.6967579577266925	1.6013913277232632	0.7889858939585368	1.1471684636099464	1.9025117321752887	0.8038113472297836	0.9994115726221525	1.7234793397374812	0.902430496231545	1.4746191872307663	2.0434359530528936	0.9001450799405575	0.9139497261494398	0.9227753505110741	0.9590160511434078	0.9074753597378731	0.9667772874236107	0.9644362279213965	0.9678616672754288	0.9846395300701261	0.9545453041791916	0.93404570966959	0.8195607662200928	0.93404570966959	0.8195607662200928	0.8195607662200928	0.9297395795583725	0.9051142334938049	0.9297395795583725	0.9051142334938049	0.9051142334938049
36	Brock Lesnar	Q220556	Brock Lesnar is in the group of American male professional wrestlers	P27=Q30,P21=Q6581097,P106=Q13474373	-1.6	1.2	-1.6	1.1041179780630705	1.2312381847538931	2.007147386429834	0.04988132488166275	0.35959998200020804	0.0006150061500615006	1.517303001266147	2.0937174452872145	2.8704380253913824	1.2712698110577927	1.5780443640392896	2.3533006022935234	1.448363965144925	1.9276849875639421	2.751131558475856	1.3022139902960248	1.5991138601899082	2.5153300490498434	0.9503299930241753	0.876811767012271	1.5946994486981452	0.957964390185359	0.8391271465878193	1.3675426521483873	1.228795954326269	1.7868136709186244	1.7248005761620397	0.9445334523916245	0.9345481259127458	0.9733287543058395	0.9519217573106289	0.9170590043067932	0.9391124534110228	0.950575644771258	0.95210887119174	0.9587801806628704	0.9477910846471786	0.9593181014060974	0.8804662115871906	0.9680167473852634	0.925548292696476	0.8452897220849991	0.9331915061920881	0.9086970090866089	0.9452881850302219	0.90903539955616	0.8861380070447922
37	Brock Lesnar	Q220556	Brock Lesnar is in the group of American mixed martial artists	P27=Q30,P106=Q11607585	-1.8	1.2	-1.6	1.1178568492960765	1.250296812387452	2.03742286023036	0.9018550925021942	0.4815272320706947	0.000877963125548727	2.141576345629678	3.3511503562335485	4.120897200943145	1.2429207980032215	1.53433213222946	2.3319845627360754	1.617516143416652	2.2822839572092692	3.0937825287776723	1.9387794795161426	2.915639798444279	3.724974627499949	1.0157180452873182	1.0397751506182986	1.7133285815564052	0.9999878363714133	0.9870794991002966	1.5298485262241026	1.1471473776291619	1.603070926785157	1.5330432675739571	0.943749587982893	0.9227431416511536	0.9631304889917374	0.9316796511411667	0.9129357561469078	0.9423131048679352	0.941582465544343	0.9472536742687225	0.9566001705825329	0.9266952499747276	0.9680167473852634	0.8353841304779053	0.9680167473852634	0.8353841304779053	0.8353841304779053	0.9452881850302219	0.9083586186170578	0.9452881850302219	0.9083586186170578	0.9083586186170578
38	Bruce Lee	Q16397	Bruce Lee is in the group of American martial artists	P27=Q30,P106=Q11124885	-0.8	2.0	-1.6	1.415495483410637	1.9846138181900543	2.5810975708113757	0.09737424164376463	0.6768070657268164	0.014285714285714285	1.3439406010474837	1.7700120858337594	2.5662042955880917	1.4236874227468677	1.9669762704452993	2.6427186371930738	1.2348005378046285	1.5306505200002962	2.361709309952806	1.3733929636492197	1.8314120232353086	2.646946626308641	1.0075177762580234	1.062846325675356	1.698508480125228	1.0140044968018307	1.0745641149923497	1.470191516255155	1.187907845661619	1.7046010130275313	1.6844904721595026	0.9197466317564249	0.9579148609191179	0.9476278461515903	0.9697350785136223	0.953290056437254	0.9275005236268044	0.9230782091617584	0.944084994494915	0.9527356401085854	0.9226481914520264	0.9412468522787094	0.781718373298645	0.9412468522787094	0.781718373298645	0.781718373298645	0.9092839136719704	0.9022548869252205	0.9092839136719704	0.9022548869252205	0.9022548869252205
39	Cara Delevingne	Q1395624	Cara Delevingne is in the group of English female models	P27=Q145,P21=Q6581072,P106=Q865851|P106=Q4610556	-1.4	0.4	-1.2	1.1282513590714656	1.291797453984444	2.0420892460967908	0.4070278396383774	0.484124930004008	0.0013568521031207597	1.0007264884141867	1.0077364485191662	1.920650475632006	1.1421435216589604	1.281253211689649	2.099402550545117	1.211194215718635	1.4452317952834919	2.3170187424063617	0.8708582680475507	0.7160516766821854	1.630814974739631	0.8697546166899995	0.6687644569752428	1.4245731241627655	0.9900793898471473	0.9681326649936294	1.4345699353495915	0.9342040049724216	0.8042720373074219	1.346287330550308	0.9658492107409984	0.9177740355953574	0.987742762081325	0.9568036384880543	0.9038048982620239	0.9819830146152526	0.9964605939458124	1.0027045346796513	1.0651526898145676	0.9772736020386219	0.9592345568041006	0.8862689509987831	0.9831725098192692	1.0317799896001816	0.8408431857824326	0.9548865457375845	0.9838406330284973	0.9745269007980824	1.0545066073536873	0.9771855808794498
40	Ciara	Q203223	Ciara is in the group of African-American female dancers	P172=Q49085,P21=Q6581072,P106=Q5716684	-1.4	1.2	-1.4	1.0040196384553137	1.0270431524155057	1.8213773163591296	0.16662819608553958	0.7778923817982023	0.008695652173913044	0.9426842578321115	0.90112924242001	1.7950455681192306	1.0252502514503787	1.0540974658346842	1.8852923608542365	1.0044752028035944	1.0234377840976083	1.9253148384148029	0.8908276760189804	0.782981486009084	1.692013377424081	0.9382192375193236	0.8567489167412369	1.5996612966454544	0.9547842139538766	0.8879551582019694	1.3743591490560225	0.8618204479200743	0.6051168524639848	1.2808581572024664	0.9219608213752508	0.9246084988117218	0.9455425329506397	0.9258534610271454	0.9164754077792168	0.9499410378436247	0.9626045736173788	0.9679641425609589	0.968334324657917	0.9535015672445297	0.9338414271672567	0.863518700003624	0.9712727703154087	0.9008196592330933	0.8442173004150391	0.8669211976230145	0.919901505112648	0.9439272247254848	0.9247421324253082	0.8944673538208008
41	Clint Eastwood	Q43203	Clint Eastwood is in the group of American jazz composers	P27=Q30,P136=Q8341,P106=Q36834	1.4	-2.0	1.6	1.33024440592408	1.7642163325796225	2.3852433083738434	0.29919596455004127	0.47206943234702725	0.0009107468123861566	1.8817590822958383	2.8892270211007345	3.562899679131666	1.776517677751641	2.705855489425849	3.2569337031439836	1.281388012332965	1.5898917763738858	2.4360141830895836	1.5695873273700232	2.2046085136419817	2.9868577215248417	1.2220144903193562	1.5402136661876147	2.111077267909142	0.9969407338732024	0.9652757517942866	1.4204250586851446	1.0081126257297022	1.044731727267674	1.5195721935945237	0.9395576640963554	0.9659828885147969	0.958859421312809	0.9698162283748388	0.9580323211848736	0.9135641927520434	0.9237805542846521	0.9470794796943665	0.9467234797775745	0.8970524072647095	0.9536893883099159	0.8127464552720388	0.9723299648612738	0.8331373184919357	0.7812801003456116	0.8927217324574789	0.9277988982697328	0.9281327575445175	0.9478217475116253	0.9204664081335068
42	Conor McGregor	Q5162259	Conor McGregor is in the group of Irish kickboxers	P27=Q27,P106=Q11296761	-1.0	1.2	-1.4	inf	inf	inf	0.09928140215232473	0.8087426435822818	inf	inf	inf	inf	inf	inf	inf	inf	inf	inf	inf	inf	inf	inf	inf	inf	inf	inf	inf	inf	inf	inf	0.9393126294016838	0.9236578643321991	0.9531387314200401	0.9251945167779922	0.9130392670631409	0.9520617984235287	0.9480396378785372	0.9629132710397243	0.955933652818203	0.939877200871706	0.9496621452271938	0.8737420737743378	0.9496621452271938	0.8737420737743378	0.8737420737743378	0.9205281734466553	0.9014101848006248	0.9205281734466553	0.9014101848006248	0.9014101848006248
43	Conor McGregor	Q5162259	Conor McGregor is in the group of Male boxers	P21=Q6581097,P106=Q11338576	-1.2	0.4	-0.8	1.0907372523858936	1.1980179364006198	1.9076716209648488	0.4362276471185247	0.9703307262121602	7.044237813468582e-05	1.11012053051673	1.2534253323603115	1.9826885230755895	1.372814783334139	1.7908485983746647	2.552357661856605	1.1060275517903837	1.2320621974960602	2.000063006968974	1.416959078327756	1.8835739549610115	2.7179804537635017	1.1508414395646724	1.391101363268865	1.8851945748256353	0.9938553439275677	0.9743296811519857	1.4019062374317006	0.9199376597780683	0.6849398950993638	1.2423256560979723	0.9666066681966186	0.9500857423990965	0.9736174289137125	0.9658221490681171	0.9357283860445023	0.9508373700082302	0.9556286614388227	0.9690826460719109	0.9640699625015259	0.9589210785925388	0.9242732767015696	0.93660743907094	0.961401853710413	0.9398228302598	0.931113176047802	0.9197508804500103	0.9289756044745445	0.9259666055440903	0.9471996799111366	0.934802420437336
44	Cristiano Ronaldo	Q11571	Cristiano Ronaldo is in the group of Portuguese male models	P27=Q45,P21=Q6581097,P106=Q4610556	-0.6	0.4	-1.0	2.573118264806823	4.453999911637787	5.024112296876737	0.6640319812929351	0.31710371104644497	0.025	2.530148542844629	4.307066831315478	5.036740287045546	2.1143845738167526	3.422605512159938	4.137917372591568	1.9198666976498466	3.024130340195909	3.7955374229690144	1.9113472172078492	3.0070461603091974	3.757941874548477	1.4143175457051875	2.0695291317685958	2.530189559166584	0.9441954935997356	0.9049818872803361	1.47663497561025	0.9785483064257192	1.0299590391849467	1.4306875778087726	0.9412031111617883	0.9685699898109306	0.9744626618921757	0.999528734566411	0.9551425464451313	0.9557894300669432	0.9873207649216056	0.9795204903930426	1.0097548114135861	0.9724978674203157	0.955560759951671	0.8862675627072653	0.9671059250831604	0.9312632083892822	0.8418528288602829	0.909427081545194	0.9150475909312566	0.9147950559854507	0.9539160877466202	0.9026892185211182
45	Dan Aykroyd	Q105221	Dan Aykroyd is in the group of 20th-century American male actors	P27=Q30,P21=Q6581097,P106=Q33999	-1.4	2.0	-1.8	1.267985082403464	1.6199890435961388	2.2555929531145016	0.10583351042988687	0.6387685613090627	5.242463958060288e-05	1.8443457480136793	2.805830773718316	3.531634447163303	1.2679689355454271	1.5792703142286364	2.289274008693712	1.9125775487839274	2.911644014439716	3.633890921003483	0.9457863390105609	0.8901761423484696	1.7941112491178004	0.8457907023608309	0.5999615474414832	1.3874383649947515	0.9925918277845535	0.9693863159749853	1.3977456426158539	0.9334788454548992	0.7717596507494225	1.2923561066653486	0.9852332052153846	0.9590065982192755	0.9992275261320174	0.991774370893836	0.9426849335432053	0.9840745485077301	1.0061185179899137	1.0406046360731125	1.0585284009575844	1.0133270164951682	0.9573994676272074	0.8982278381784757	0.9785608164966106	0.9152040407061577	0.8683615028858185	0.9540046605591973	0.9836338063081106	1.0154406214132905	1.0709939152002335	0.9718877375125885
46	Dan Aykroyd	Q105221	Dan Aykroyd is in the group of American male screenwriters	P27=Q30,P21=Q6581097,P106=Q28389	-1.4	-0.4	-1.8	1.2454927628355683	1.5594527734234456	2.2022188149028397	0.16862219915663168	0.8731832462806698	0.00010475591870940707	1.673216859389547	2.4393043087943225	3.1581580691942093	1.2109137826116017	1.4555778924693772	2.174274953658905	1.8088079539865158	2.706806136488828	3.4350334784320813	0.9547655419960334	0.9092394498686256	1.8176451339231927	0.8237032068863429	0.5573573817762566	1.3680208409986436	0.9909005133456976	0.96218055649997	1.4014731004155678	0.9380013619291859	0.783990893966878	1.3100847155233788	0.9808866023086011	0.9536540986349186	0.9992275261320174	0.991774370893836	0.9403377957642078	0.9834789633750916	1.0042357202619314	1.0406046360731125	1.0585284009575844	1.0053768353536725	0.9626453965902328	0.8935316478212675	0.9785608164966106	0.9152040407061577	0.8610220551490784	0.9559598021830121	0.9777348364392916	1.0154406214132905	1.0709939152002335	0.9564659669995308
47	Drake (musician)	Q33240	Drake (musician) is in the group of 21st-century Canadian male actors	P27=Q16,P21=Q6581097,P106=Q33999	-0.8	2.0	-0.8	1.3975597495044332	1.913147744952801	2.4764360085600186	0.8870713332697294	0.9382255594633832	0.00036114120621162876	1.8030649091389621	2.747739440555459	3.506893239191922	1.4258916943324547	1.9217362023770372	2.6145369969364194	1.509220487167846	2.0637716413783007	2.890667788830162	1.393974091951818	1.8082975534755588	2.6482519191321794	1.3394452374444596	1.8557828859866186	2.226279342911096	1.00511393856707	1.0105919829073844	1.4226428083881155	0.9331623886873969	0.7868179929143558	1.3110309193266654	0.9552716774245104	0.9511363931621114	0.957994244992733	0.9881964819505811	0.9291728213429451	0.9558884191016356	0.9796055325617393	0.9791257418692112	0.981759037822485	0.9723032619804144	0.9506263273457686	0.9117203789452711	0.9596957489848137	0.9388718344271183	0.8765619620680809	0.9233285958568255	0.9298585976163546	0.9284818395972252	0.9551021084189415	0.9162955954670906
48	Drake (musician)	Q33240	Drake (musician) is in the group of Canadian pop singers	P27=Q16,P136=Q37073,P106=Q177220	-1.0	-0.4	-1.0	1.221196757906982	1.5097120427370634	2.173365746175444	0.3832218604924479	0.5800618494442258	0.004694835680751174	1.6416656560426994	2.351718218141623	3.1398706863677845	1.3016022144145645	1.6364060281068893	2.3946649246505864	1.32425503801671	1.6905570964009167	2.537793563592764	1.303111474806299	1.640237584779403	2.483418147214179	1.0603164803519558	1.1512305678862997	1.7951743143649208	0.9723165016488048	0.9336288862344668	1.4067287116468343	0.9279356814411346	0.8234740195134901	1.367552815910997	0.9523656864960989	0.9108036284645399	0.9596614837646484	0.9634058251976967	0.8895914182066917	0.957669467975696	0.974440603206555	0.9756228253245354	0.9812562800943851	0.9651677273213863	0.9263021623094877	0.8981082836786906	0.9596957489848137	0.9366202875971794	0.869263082742691	0.8965025370319685	0.935259934514761	0.9284818395972252	0.9577984027564526	0.9259389787912369
49	Eminem	Q5608	Eminem is in the group of American film producers	P27=Q30,P106=Q3282637	0.2	-0.4	0.2	1.3149855975000027	1.7360611888430266	2.31434906933095	0.9340268122654257	0.7553013328966497	0.00011570056693277797	1.624763547458593	2.346736550974187	3.068850918318995	1.2987359501415925	1.6625035517209061	2.3223848051120988	1.1073139861172683	1.2318974080690184	2.1038229651271565	1.2497155978933328	1.5119031618748784	2.3635865885355507	1.271311352662216	1.6653972386277631	2.1313856525455064	0.9937155605162066	0.9797597834107278	1.4078778336003144	0.9205739765419011	0.7255555603382684	1.2864196209492496	0.9730006698518991	0.9050091486424208	0.9832892268896103	0.9493949674069881	0.8837761357426643	0.9156745411455631	0.9171829931437969	0.9304173141717911	0.9320291951298714	0.9068073406815529	0.9372436050325632	0.8001363500952721	0.9524246715009212	0.8003620207309723	0.7674556970596313	0.9355246741324663	0.9078594893217087	0.9483023174107075	0.935973510146141	0.9049583747982979
50	Franklin D. Roosevelt	Q8007	Franklin D. Roosevelt is in the group of Presidents of the United States	P39=Q11696	-1.6	2.0	-1.8	1.0227242825141232	1.1080120450207138	1.9037320605438401	0.20683522206878857	0.6429178875484083	0.024390243902439025	0.9293825927865751	0.892335251187063	1.7762927714820114	1.0471305405232345	1.172458504035578	1.9477335541740814	1.1271962485870408	1.329426013198634	2.173422447342974	1.099480130323182	1.2659624985760207	2.1639562319016235	0.8908577390608067	0.791427762228329	1.6572779633033918	1.0491194916697562	1.2363267700889897	1.591142734419282	0.8741950883730133	0.7434907586716165	1.4578249398022527	0.9052470177412033	0.9399333670735359	0.9052470177412033	0.9399333670735359	0.9399333670735359	0.9418758153915405	0.944340918213129	0.9418758153915405	0.944340918213129	0.944340918213129										
51	Gaurav Tiwari	Q5527758	Gaurav Tiwari is in the group of Indian male actors	P27=Q668,P21=Q6581097,P106=Q33999	-1.1	-2.0	-1.0	0.8675634227218254	0.7418059662275256	1.5887949604259786	0.04487918609603003	0.9530280735343063	0.00030003000300030005	1.1539295838305765	1.3644077025989818	2.2703325355390107	0.8871968179985698	0.7770713303644602	1.6568668152859005	1.0744139830511514	1.155414615019715	2.0739867531538216	1.6645677705146835	2.4008496140638256	3.232794765833021	1.184335639410019	1.4681566516679112	2.032852037682275	1.0560834600510502	1.1686161467428273	1.4998421436584517	0.9700827975345929	0.8861261391793694	1.3603047988975396	0.9636498087396225	0.8908460239569346	0.9694480355829	0.9144804328680038	0.8654932826757431	0.9374563557406267	0.924650446822246	0.9506807923316956	0.9428616128861904	0.9118973836302757	0.9474061504006386	0.8800112803777059	0.9599547050893307	0.9140701219439507	0.8424306511878967	0.9230704829096794	0.8971396287282308	0.9292629957199097	0.9408500343561172	0.8785526379942894
52	George H. W. Bush	Q5527758	George H. W. Bush is in the group of Presidents of the United States	P39=Q11696	-1.2	1.2	-1.2	2.2136950585925823	3.817786386574654	4.120643586314747	0.1956763890141484	0.2203112832584534	0.024390243902439025	3.0362570039009795	5.545333828437306	5.803079819065926	1.73601688742105	2.7352525950288853	3.229108703632354	2.7472961987303837	4.8661435359582015	5.297245475493227	2.213513821192678	3.648437078906372	4.35655624477935	2.5287913599344822	4.542371765437499	4.704354029667779	1.0668684542345206	1.287128639617391	1.6180616250248285	1.3506162413668654	1.968864371624199	2.2523142339212643	1.0567553453147411	1.1693248897790909	1.0567553453147411	1.1693248897790909	1.1693248897790909	1.2439687550067902	1.2769317328929901	1.2439687550067902	1.2769317328929901	1.2769317328929901										
53	George W. Bush	Q207	George W. Bush is in the group of Presidents of the United States	P39=Q11696	-1.8	2.0	-1.8	1.138150717553986	1.3744756091594061	2.1185905603141664	0.007069519908597166	0.25505357629269265	0.024390243902439025	1.6555860759994396	2.4859229104778673	3.1642572199965917	1.0242418966749383	1.1099351083763764	1.9051591301575777	1.2844863484574496	1.6648633915630586	2.476704004775133	1.1628583973893176	1.4002056721430023	2.2886949990720464	0.9148539152084607	0.835464026227298	1.7019184622173704	1.0479108027218922	1.246095548759144	1.5893095813296316	0.9105930761454399	0.8341869121649887	1.5185229407850949	0.915792427957058	0.9363554939627647	0.915792427957058	0.9363554939627647	0.9363554939627647	0.906611293554306	0.9151776731014252	0.906611293554306	0.9151776731014252	0.9151776731014252										
54	Jason Statham	Q169963	Jason Statham is in the group of English male voice actors	P27=Q145,P21=Q6581097,P106=Q2405480	-1.4	0.4	-1.4	1.0969452301723956	1.241382745427449	1.9817942258114607	0.7795263116092456	0.06966182596496495	0.005405405405405406	0.783462783405371	0.5489625898111761	1.4830971724441577	1.1165428007619371	1.2694525585567367	2.0307188219239163	0.7313053408682417	0.416283189118418	1.3624896345687527	1.1422398612919902	1.309436779058331	2.1998848046667137	0.8405260185219782	0.6375987980745864	1.460845715705142	0.9517939981962695	0.8675033863618847	1.3733176230576967	0.9302477765133486	0.8017952611361969	1.3820424466398873	0.951472726960977	0.9466835906108221	0.9772918708622456	0.967330489307642	0.9284627735614777	0.949568380912145	0.962156475832065	0.963793758302927	0.9653104022145271	0.9537971876561642	0.9427685998380184	0.85835762321949	0.9472382292151451	0.9296527653932571	0.8023797869682312	0.9237735470136007	0.9040208123624325	0.9332564100623131	0.9387082196772099	0.8910481482744217
55	John Cena	Q44437	John Cena is in the group of American professional wrestlers of Italian descent	P27=Q30,P106=Q13474373,P172=Q50001	-1.4	0.4	-1.4	inf	inf	inf	0.24279707062978795	0.3333770862206099	1.0	inf	inf	inf	inf	inf	inf	inf	inf	inf	inf	inf	inf	inf	inf	inf	inf	inf	inf	inf	inf	inf	0.9350877478718758	0.9624850079417229	0.9619884490966797	1.0050793290138245	0.961901105940342	1.017945257325967	1.0302993319928646	1.1336092203855515	1.1573328524827957	1.051293969154358	0.9422163739800453	0.7659810483455658	0.9422163739800453	0.7659810483455658	0.7659810483455658	0.9270059019327164	0.8798405081033707	0.9270059019327164	0.8798405081033707	0.8798405081033707
56	John F. Kennedy	Q9696	John F. Kennedy is in the group of Presidents of the United States	P39=Q11696	-2.0	2.0	-1.8	0.8982020216361661	0.8293037699316993	1.6719422963446144	0.22089185441002823	0.5594140511381008	0.024390243902439025	1.125823841743035	1.329800728741271	2.1517432837366437	1.1542307240835523	1.4093647203157575	2.1469471317614555	0.9959726618688909	1.039115646153938	1.920401476636593	0.9180869469068952	0.8767066446735307	1.8069448600246543	1.117093777472672	1.3238524719297133	2.0781487539195487	1.0531115590467186	1.2414332201283536	1.5971972868821824	1.1685998110411804	1.4981124885303403	1.9487800513208922	0.916396252810955	0.9187286794185638	0.916396252810955	0.9187286794185638	0.9187286794185638	0.9703534133732319	0.9767342433333397	0.9703534133732319	0.9767342433333397	0.9767342433333397										
57	Justin Timberlake	Q43432	Justin Timberlake is in the group of American rhythm and blues singers	P27=Q30,P136=Q45981,P106=Q177220	-1.4	2.0	-1.6	1.1266785925189478	1.284127054614963	2.0257853938536643	0.7160125083885813	0.9028988394338407	0.002105263157894737	1.477470687000315	2.0131142748672914	2.805838990940861	1.2540165231421183	1.543765290867359	2.2740816531743255	1.46157838539002	1.976930568377014	2.783845374673252	1.3997432495263091	1.8404369697963985	2.616433608042081	0.922806233320992	0.8102352435994186	1.5841797372220392	1.0172304038528746	1.078783294845431	1.4618019333718086	0.9294902783896279	0.8092078434066858	1.3851007405117004	0.9370318353176117	0.9299212346474329	0.9719124361872673	0.9355930760502815	0.9149754196405411	0.9502347409725189	0.9682702788462242	0.9518255963921547	0.9746655188500881	0.9586327262222767	0.9299410413950682	0.8790765535086393	0.9478578008711338	0.9381134323775768	0.8591038137674332	0.889269445091486	0.8437451794743538	0.909923680126667	0.8858475834131241	0.8308601230382919
58	Leonardo DiCaprio	Q38111	Leonardo DiCaprio is in the group of American film producers	P27=Q30,P106=Q3282637	0.2	0.4	-0.2	1.2137028383328392	1.485969365393266	2.1341334893619663	0.622709963842205	0.5812493259855647	0.00011570056693277797	1.5314622576899348	2.1033992137083035	2.8602118749967063	1.115987428526409	1.2490850389721992	1.9973479923393216	1.4620925945660772	1.9758830429127372	2.763275458492177	0.934801218866068	0.8731429617635181	1.7868223255009337	0.830363539529149	0.5822613610077126	1.3950227880636672	1.001234807554933	1.002188829735573	1.4204017208162203	0.9389235555989094	0.7783872984864566	1.3095322040610828	0.9249533489346504	0.9153405409306288	0.9254258275032043	0.9627881608903408	0.89530248939991	0.9459075443446636	0.9581906571984291	0.9574040845036507	0.9737849719822407	0.9483055286109447	0.9325281027704477	0.8397750034928322	0.9557816125452518	0.8551718145608902	0.814397394657135	0.9303438737988472	0.9140634462237358	0.9346221312880516	0.9440188705921173	0.9134024977684021
59	Macaulay Culkin	Q103578	Macaulay Culkin is in the group of 21st-century American male actors	P27=Q30,P21=Q6581097,P106=Q33999	-2.0	2.0	-2.0	1.264836185299544	1.6040482365928939	2.23961397903364	0.7676012993864338	0.19453573316915873	5.242463958060288e-05	1.0922602870207707	1.2049567246201163	2.0833021620896943	1.2021448854678316	1.437909915038114	2.163972831471199	1.1304999864909693	1.2989670332059855	2.1720389087563596	1.0610772786805576	1.1204124504947892	1.9978071438767206	0.8306404775411578	0.5698817108399128	1.366377729811851	1.0060684566195237	1.0254532186415692	1.4172284525918402	0.9369575969338813	0.7735294210156343	1.2959169935914352	0.9799508542443315	0.9468992793311676	0.9874671371653676	0.9703775811940432	0.9256591349840164	0.9518617627521356	0.9724177550524473	0.9712149202823639	0.9767107870429754	0.9631202146410942	0.9435089863836765	0.8776152233282725	0.9572432413697243	0.9250847846269608	0.8381112813949585	0.9070475970705351	0.9004689926902453	0.9115812480449677	0.9295325055718422	0.8804101496934891
60	Michael Fassbender	Q57147	Michael Fassbender is in the group of 20th-century Irish male actors	P27=Q27,P21=Q6581097,P106=Q33999	-1.4	0.4	-1.2	1.2442256697111234	1.529807059595349	2.2305662826833257	0.704177689206296	0.35833059832477965	0.0029069767441860465	1.6192623563013968	2.345452272836636	3.0917270786633453	1.1870407752923493	1.3845066458662896	2.184834196515736	1.9048220138222167	2.942324569031307	3.6548789141465043	1.0997673715361636	1.2071201521547976	2.0919929156963604	0.9479310409940574	0.8894194080969907	1.5940916449957125	0.9874366171441601	0.9986723948900669	1.4100174045169505	0.9342875774093733	0.8002878181167821	1.3584179423634761	0.9655092153698206	0.9558527680734793	0.9705759715288877	0.9774197824299335	0.93875852227211	0.9610120356082916	0.9632534869015217	0.9768704231828451	0.9654989056289196	0.9501172043383121	0.9554111212491989	0.9245795657237371	0.969741128385067	0.9336403831839561	0.9054846316576004	0.9326763289670149	0.9284096670647463	0.9516305439174175	0.939111452549696	0.9033134803175926
61	Michael Jackson	Q2831	Michael Jackson is in the group of American rhythm and blues singers	P27=Q30,P136=Q45981,P106=Q177220	-1.4	2.0	-1.6	1.4245189987372773	1.9524828151881968	2.552541152294558	0.3257503679157959	0.0008345096976392075	0.002105263157894737	1.5884322117303376	2.249395434338109	3.0251379943845302	1.1647676155947106	1.3390493321188084	2.110970939627809	1.3457361707036708	1.737812490918678	2.5671062934111943	1.1257939890356468	1.2795983201290124	2.1246494249667225	0.9259528619516191	0.8140889196954886	1.5876481721534101	1.0364155489896532	1.121518142316213	1.4927235897788131	0.9674283679484739	0.9047324926672875	1.436370696660766	0.9490547018746535	0.8943674365679423	0.9607726410031319	0.8984557911753654	0.8706758171319962	0.9419605700920025	0.9578734909494718	0.9749468769878149	0.9827849343419075	0.939952902495861	0.9242310039699078	0.8791258186101913	0.9374427273869514	0.9567433446645737	0.8592257052659988	0.9340122453868389	0.9359216019511223	0.9351969361305237	0.960137315094471	0.9340465888381004
62	Mike Pence	Q24313	Mike Pence is in the group of 20th-century American politicians	P27=Q30,P106=Q82955	-1.6	1.2	-1.6	1.2724148722354907	1.6104378764063558	2.2689424517525265	0.2491775782457769	0.2765982685252001	1.8889665464024632e-05	1.1302401256076908	1.2786005968405552	2.1412714490167417	1.3050109335134157	1.6576123240324334	2.401294938344976	1.453191366493549	1.9477736188200006	2.7714611574129324	1.408185270057345	1.8739744346567728	2.6562633784790206	0.921441421435161	0.7963292828931083	1.5247859440614437	1.018098361084708	1.0611732949860586	1.4632108814343194	0.9440180565442357	0.7935692076301998	1.2946009197387884	0.940243300050497	0.9649222232401371	0.9585414379835129	0.9679186940193176	0.9613808952271938	0.9622200448065996	0.9732177006080747	0.964337658137083	0.9734911788254976	0.9668099544942379	0.942459573969245	0.8586964122951031	0.948712769895792	0.9272077307105064	0.8358477056026459	0.8960671909153461	0.941022552549839	0.9137414991855621	0.9595089852809906	0.9366589933633804
63	Ronda Rousey	Q242201	Ronda Rousey is in the group of 21st-century American actresses	P27=Q30,P21=Q6581072,P106=Q33999	-0.6	-0.4	-0.2	1.2845779264005974	1.6530079661127084	2.306160345758919	0.8689592085000949	0.5028575788322704	6.668444918644971e-05	1.2717527104701571	1.5701801014139118	2.4222487336543495	1.2466823540810943	1.5415568886880233	2.2735849571176874	1.1239801638647733	1.265119548446388	2.153017830580776	2.1430241766037965	3.4116343748005415	4.088924368458819	1.1384746264173866	1.3518146923913081	1.876853286764935	0.9905412974099472	0.970845581380971	1.3978674903279458	0.9633173593086681	0.8727651104540718	1.3489671489857287	0.9491336482266585	0.9596744657804569	0.9699342176318169	0.9691619593650103	0.9526229575276375	0.9823675627509753	0.9989599740753571	1.0656599402427673	1.0743577033281326	1.021199019625783	0.9464202572902044	0.9110007906953493	0.9572852812707424	1.0539715737104416	0.894280694425106	0.9429938903388878	0.9461115325490633	1.004506457131356	1.051019199192524	0.9745119959115982
64	Sylvester Stallone	Q40026	Sylvester Stallone is in the group of American male television actors	P27=Q30,P21=Q6581097,P106=Q10798782	-1.4	2.0	-1.6	1.1716127028940533	1.3870374361334779	2.0982813972006285	0.40206521589679667	0.3605696898896765	9.513842641042717e-05	1.2052082572535001	1.4307627934777751	2.2901479662481665	1.176420033585344	1.36980965998605	2.1226096172895113	1.287632848036119	1.6149672356669218	2.46838154657694	0.9272415230911266	0.8568794974792724	1.7937614833996043	0.8045861243790956	0.5243623755060014	1.3688533208698945	1.017712674777319	1.0543417904699184	1.4421176132359295	0.9383274193656883	0.7973295619516801	1.321235239454827	0.9563532266765833	0.9424362840751807	0.9728708881884813	0.976149994879961	0.9203865751624107	0.9576407112181187	0.9825446332494417	0.9758932404220104	0.9916162770241499	0.9751640371978283	0.9430840027829012	0.8412040447195371	0.9611415266990662	0.9169149473309517	0.79073067009449	0.9236627841989199	0.9234665222465992	0.9292869791388512	0.9537836275994778	0.9235508367419243
65	Tom Hanks	Q2263	Tom Hanks is in the group of 20th-century American male actors	P27=Q30,P21=Q6581097,P106=Q33999	-1.4	1.2	-1.4	1.3702429514291758	1.841484332435114	2.4325677168520436	0.78338210324055	0.0048406590257666915	5.242463958060288e-05	1.9122681799481398	2.9143618851834274	3.632588762019341	1.3557391476436118	1.768817506319622	2.441458448367915	2.098159996350278	3.3076368019561198	3.9908905002526227	0.8873742892543574	0.7557759928370119	1.67623595825316	0.8144987128322264	0.5160880513940882	1.3330524802248178	1.0117415383277075	1.0312781026866191	1.4265248031603288	0.9314992989618954	0.7541119336971808	1.2855012887464496	0.9565515617529551	0.9709333777427673	0.9783087037503719	0.983511183410883	0.9620278142392635	0.958445468917489	0.9867106546492627	0.9733062852174044	1.0011372531298548	0.976771941408515	0.9553229498366514	0.8962971121072769	0.9713926687836647	0.9405031204223633	0.8604877591133118	0.9427319802343845	0.9145213278631369	0.9434699639678001	0.9625131897628307	0.9070311039686203
66	Tom Hiddleston	Q295803	Thomas William Hiddleston (born 9 February 1981) is an English actor.	P27=Q145,P106=Q33999	-1.6	0.4	-1.6	1.137463852175721	1.2973356846928266	2.038284003431673	0.8803043533821597	0.7435873914500319	9.643201542912247e-05	1.1935285526665436	1.4148818288671248	2.2681637163647346	1.1573658000680396	1.335831136721354	2.0908802368588564	1.066177209116742	1.1423549475148445	2.0177681474767604	1.1908099236922651	1.3890951470418194	2.2550486798644993	0.8296249659214264	0.5605844182827581	1.3602777886065502	0.9372367797146768	0.7985805133088926	1.3237650798608218	0.8895453671722842	0.6278770258802264	1.2611068951950806	0.9423491265624762	0.9274347387254238	0.9503884799778461	0.9379676282405853	0.9140599146485329	0.9780359896831214	0.9864728441461921	0.9914754843339324	1.0104750115424395	0.9841135386377573	0.9495502710342407	0.8391840308904648	0.9683946892619133	0.955514132976532	0.8064972907304764	0.9347576331347227	0.9370771935209632	0.9633159898221493	0.9924818929284811	0.9432765729725361
67	Tupac Shakur	Q6107	Tupac Shakur is in the group of 20th-century American male actors	P27=Q30,P21=Q6581097,P106=Q33999	-0.8	1.2	-1.2	1.219199600845906	1.5074670760521696	2.172835583168121	0.922488818682674	0.17133505233019752	5.242463958060288e-05	1.521551251131689	2.1114616276527425	2.9045870626249113	1.308483999381985	1.680787534944726	2.365564169076137	1.3485634086917246	1.7238995958359846	2.561845694606886	1.4311164538221162	1.914781559489894	2.711150098197557	1.0851841012630372	1.2183596230199196	1.7832684464920543	0.9946962733579364	0.981163381326779	1.3993988732931089	0.9413859340221209	0.7997494825679429	1.3030845047085058	0.9660774072011312	0.9384748910864195	0.9750265162438154	0.9611097723245621	0.9185006096959114	0.9540188144892454	0.9802870551745096	0.9756595361977816	0.9929968118667603	0.9694620184600353	0.9503733391563097	0.8829185093442599	0.9606372900307178	0.9349660277366638	0.8436505943536758	0.9244155200819174	0.9218051744004091	0.9396288953721523	0.9550429098308086	0.9125773906707764
68	Will Smith	Q40096	Will Smith is in the group of 21st-century American male actors	P27=Q30,P21=Q6581097,P106=Q33999	-1.6	2.0	-1.8	1.3187503444817215	1.7291150169646732	2.3390492458076184	0.9275845194966984	0.8708384313932722	5.242463958060288e-05	1.558679598445218	2.2003914362020622	2.982184774693845	1.3213850509483716	1.7003885260298066	2.3863848938187746	1.561579847460734	2.196838109717601	2.9891038951345754	1.1001399362557809	1.1944990144600567	2.0662019195375585	0.9036520965061622	0.7584451444902294	1.4880407354140597	1.0105877852953007	1.0313613315264438	1.422021489644426	0.9359569163732049	0.7882914621095759	1.2945141267255882	0.9694112682094177	0.9575087428092957	0.9785485733300447	0.982115151360631	0.9366542845964432	0.9503094808508953	0.9805746738178035	0.9788122680038214	1.0016551562584937	0.9668747819960117	0.9469910922149817	0.8748407413562139	0.9539266861975193	0.9295203909277916	0.8325715065002441	0.9200233270724615	0.9155167502661546	0.9411375224590302	0.9502921365201473	0.9044604897499084
69	Will Smith	Q40096	Will Smith is in the group of 21st-century American singers	P27=Q30,P106=Q177220	-1.0	2.0	-1.2	1.316513592644046	1.731753119679412	2.3344113844910197	0.15170338561526886	0.014577005509139984	6.69702652022502e-05	1.4995001929235066	2.070274815373373	2.863253742356215	1.2437970203816868	1.5347387138039335	2.2337356075773447	1.411866555808834	1.8814686475065228	2.68585668272481	1.2051282139475035	1.4389565450172286	2.2518682402017367	0.922936519867529	0.8020978790743022	1.5148003466650022	1.0172829297728692	1.057116860277285	1.4384737379303656	0.9383238920581135	0.8044065652861122	1.3302167453947162	0.9690550370141864	0.9536973712965846	0.9799223225563765	0.9704016577452421	0.9424372389912605	0.9593421630561352	0.966697234660387	0.9691719003021717	0.9691579565405846	0.9604304991662502	0.928627036511898	0.8593598119914532	0.947722539305687	0.9115673527121544	0.8360734581947327	0.9216545503586531	0.9138212203979492	0.9426780380308628	0.9387481138110161	0.9075516909360886
